ROC AUC,F1 Score,Accuracy,Precision,Recall
0.8814870384400267,0.7431117710589857,0.7697516930022573,0.7501520090916936,0.7697516930022573
